http://alexkerney.com/2013/08/bull-branch-with-jeff/,http://alexkerney.com/posts/2013/08/bull-branch-with-jeff.html
http://alexkerney.com/tag/avalanche,/categories/avalanche.html
http://alexkerney.com/tag/katahdin,/categories/katahdin.html
http://alexkerney.com/2013/05/the-west-branch/,http://alexkerney.com/posts/2013/05/the-west-branch.html
http://alexkerney.com/?p=2032,http://alexkerney.com/posts/2032.html
http://alexkerney.com/2011/11/help-me-win-a-kayak/,http://alexkerney.com/posts/2011/11/help-me-win-a-kayak.html
http://alexkerney.com/tag/hurricane-irene,/categories/hurricane-irene.html
http://alexkerney.com/2013/12/skining-up-shawnee/,http://alexkerney.com/posts/2013/12/skining-up-shawnee.html
http://alexkerney.com/tag/caribou-mountain,/categories/caribou-mountain.html
http://alexkerney.com/2011/06/780/,http://alexkerney.com/stories/2011/06/780.html
http://alexkerney.com/2011/03/changing-statistics/,http://alexkerney.com/posts/2011/03/changing-statistics.html
http://alexkerney.com/2012/11/biking-in-harold-parker/,http://alexkerney.com/posts/2012/11/biking-in-harold-parker.html
http://alexkerney.com/tag/sheepscot-reversing-falls,/categories/sheepscot-reversing-falls.html
http://alexkerney.com/tag/rafting,/categories/rafting.html
http://alexkerney.com/2012/12/a-chilly-sheepscot-session/,http://alexkerney.com/posts/2012/12/a-chilly-sheepscot-session.html
http://alexkerney.com/2012/03/magic-mtn-invasion/,http://alexkerney.com/posts/2012/03/magic-mtn-invasion.html
http://alexkerney.com/2012/08/ammons-quote/,http://alexkerney.com/posts/2012/08/ammons-quote.html
http://alexkerney.com/tag/dartmouth,/categories/dartmouth.html
http://alexkerney.com/2011/06/another-kind-of-paddling/,http://alexkerney.com/posts/2011/06/another-kind-of-paddling.html
http://alexkerney.com/2011/06/rapids-falls-big-water/,http://alexkerney.com/posts/2011/06/rapids-falls-big-water.html
http://alexkerney.com/2011/11/thanksgiving-2/,http://alexkerney.com/posts/2011/11/thanksgiving-2.html
http://alexkerney.com/?p=2213,http://alexkerney.com/posts/2213.html
http://alexkerney.com/2011/03/estero-fouque/,http://alexkerney.com/posts/2011/03/estero-fouque.html
http://alexkerney.com/tag/flying,/categories/flying.html
http://alexkerney.com/tag/terra-del-fuego,/categories/terra-del-fuego.html
http://alexkerney.com/2011/06/781/,http://alexkerney.com/stories/2011/06/781.html
http://alexkerney.com/hireme/,http://alexkerney.com/stories/hireme.html
http://alexkerney.com/tag/jeff-t,/categories/jeff-t.html
http://alexkerney.com/tag/light,/categories/light.html
http://alexkerney.com/skiing/,http://alexkerney.com/stories/skiing.html
http://alexkerney.com/tag/wells-river,/categories/wells-river.html
http://alexkerney.com/tag/estero-fouque,/categories/estero-fouque.html
http://alexkerney.com/2012/03/a-skin-up-saddleback/,http://alexkerney.com/posts/2012/03/a-skin-up-saddleback.html
http://alexkerney.com/2011/06/822/,http://alexkerney.com/stories/2011/06/822.html
http://alexkerney.com/?page_id=750,http://alexkerney.com/stories/750.html
http://alexkerney.com/2011/02/full-moon-over-puerto-williams/,http://alexkerney.com/posts/2011/02/full-moon-over-puerto-williams.html
http://alexkerney.com/tag/whitewater-kayaking,/categories/whitewater-kayaking.html
http://alexkerney.com/photography/,http://alexkerney.com/stories/photography.html
http://alexkerney.com/2013/06/2013-whitewater-training-trip/,http://alexkerney.com/posts/2013/06/2013-whitewater-training-trip.html
http://alexkerney.com/tag/ineedtoupdatemoreoften,/categories/ineedtoupdatemoreoften.html
http://alexkerney.com/tag/aside,/categories/aside.html
http://alexkerney.com/tag/sunset,/categories/sunset.html
http://alexkerney.com/tag/goose-eye-mountain,/categories/goose-eye-mountain.html
http://alexkerney.com/tag/drummer-hill,/categories/drummer-hill.html
http://alexkerney.com/tag/wiskeag-trail,/categories/wiskeag-trail.html
http://alexkerney.com/2012/09/umbagog-ii-video/,http://alexkerney.com/posts/2012/09/umbagog-ii-video.html
http://alexkerney.com/2011/04/rafting-for-class/,http://alexkerney.com/posts/2011/04/rafting-for-class.html
http://alexkerney.com/tag/nh,/categories/nh.html
http://alexkerney.com/geology/,http://alexkerney.com/stories/geology.html
http://alexkerney.com/tag/caleta-olla,/categories/caleta-olla.html
http://alexkerney.com/2013/06/cold-brook/,http://alexkerney.com/posts/2013/06/cold-brook.html
http://alexkerney.com/2011/08/a-busy-summer/,http://alexkerney.com/posts/2011/08/a-busy-summer.html
http://alexkerney.com/chewonki/12-umb-2/umbagog-ii-photos/,http://alexkerney.com/stories/chewonki/12-umb-2/umbagog-ii-photos.html
http://alexkerney.com/2015/03/streams-in-grafton/,http://alexkerney.com/posts/2015/03/streams-in-grafton.html
http://alexkerney.com/2011/06/why-do-i-paddle/,http://alexkerney.com/posts/2011/06/why-do-i-paddle.html
http://alexkerney.com/tag/camden,/categories/camden.html
http://alexkerney.com/tag/isla-hoste,/categories/isla-hoste.html
http://alexkerney.com/tag/harbor-island,/categories/harbor-island.html
http://alexkerney.com/tag/quechee,/categories/quechee.html
http://alexkerney.com/tag/east-branch-pemigewasset,/categories/east-branch-pemigewasset.html
http://alexkerney.com/2011/11/halloween-costume/,http://alexkerney.com/posts/2011/11/halloween-costume.html
http://alexkerney.com/2013/08/the-nob-race/,http://alexkerney.com/posts/2013/08/the-nob-race.html
http://alexkerney.com/tag/vt,/categories/vt.html
http://alexkerney.com/tag/cold-brook,/categories/cold-brook.html
http://alexkerney.com/2014/01/a-couple-weeks-of-maine/,http://alexkerney.com/posts/2014/01/a-couple-weeks-of-maine.html
http://alexkerney.com/tag/el-salto,/categories/el-salto.html
http://alexkerney.com/2012/09/fresh-dirt-at-camden-snowbowl/,http://alexkerney.com/posts/2012/09/fresh-dirt-at-camden-snowbowl.html
http://alexkerney.com/tag/the-penobscot-race,/categories/the-penobscot-race.html
http://alexkerney.com/tag/video,/categories/video.html
http://alexkerney.com/kayaking/flows/,http://alexkerney.com/stories/kayaking/flows.html
http://alexkerney.com/2013/08/sunrise-at-shawnee-peak/,http://alexkerney.com/posts/2013/08/sunrise-at-shawnee-peak.html
http://alexkerney.com/tag/dont-give-up-the-ship,/categories/dont-give-up-the-ship.html
http://alexkerney.com/2011/02/a-basin-patrol/,http://alexkerney.com/posts/2011/02/a-basin-patrol.html
http://alexkerney.com/chewonki/12-umb-2/,http://alexkerney.com/stories/chewonki/12-umb-2.html
http://alexkerney.com/tag/the-sweetness,/categories/the-sweetness.html
http://alexkerney.com/2011/06/820/,http://alexkerney.com/stories/2011/06/820.html
http://alexkerney.com/tag/fulling-mill-mountain,/categories/fulling-mill-mountain.html
http://alexkerney.com/2011/06/wahoo/,http://alexkerney.com/posts/2011/06/wahoo.html
http://alexkerney.com/tag/bahia-pia,/categories/bahia-pia.html
http://alexkerney.com/tag/waterton-canyon,/categories/waterton-canyon.html
http://alexkerney.com/2010/10/apple-juice/,http://alexkerney.com/posts/2010/10/apple-juice.html
http://alexkerney.com/tag/seboomoc,/categories/seboomoc.html
http://alexkerney.com/2014/12/what-drysuits-are-for/,http://alexkerney.com/posts/2014/12/what-drysuits-are-for.html
http://alexkerney.com/2010/12/torres-del-paine/,http://alexkerney.com/posts/2010/12/torres-del-paine.html
http://alexkerney.com/tag/penobscot,/categories/penobscot.html
http://alexkerney.com/tag/cathance-river,/categories/cathance-river.html
http://alexkerney.com/2011/05/week-1/,http://alexkerney.com/posts/2011/05/week-1.html
http://alexkerney.com/tag/vt-paddlers,/categories/vt-paddlers.html
http://alexkerney.com/tag/natty-tread,/categories/natty-tread.html
http://alexkerney.com/2012/05/wiskeag-trail/,http://alexkerney.com/posts/2012/05/wiskeag-trail.html
http://alexkerney.com/2012/05/creeking-clinic-on-the-wells/,http://alexkerney.com/posts/2012/05/creeking-clinic-on-the-wells.html
http://alexkerney.com/tag/kennebec,/categories/kennebec.html
http://alexkerney.com/2010/12/gear-fatality-1/,http://alexkerney.com/posts/2010/12/gear-fatality-1.html
http://alexkerney.com/tag/race,/categories/race.html
http://alexkerney.com/tag/sea-kayaking,/categories/sea-kayaking.html
http://alexkerney.com/2012/10/well-goodbye-cool-ship/,http://alexkerney.com/posts/2012/10/well-goodbye-cool-ship.html
http://alexkerney.com/2010/12/snow-boothbay/,http://alexkerney.com/posts/2010/12/snow-boothbay.html
http://alexkerney.com/tag/swiftwater-rescue,/categories/swiftwater-rescue.html
http://alexkerney.com/2011/01/metal-and-sunsets-at-micalvi/,http://alexkerney.com/posts/2011/01/metal-and-sunsets-at-micalvi.html
http://alexkerney.com/tag/photography,/categories/photography.html
http://alexkerney.com/tag/touring,/categories/touring.html
http://alexkerney.com/tag/maine,/categories/maine.html
http://alexkerney.com/2012/12/cathance-with-jeff/,http://alexkerney.com/posts/2012/12/cathance-with-jeff.html
http://alexkerney.com/2011/03/swiftwater/,http://alexkerney.com/posts/2011/03/swiftwater.html
http://alexkerney.com/wp-admin/admin.php?page=wp-help-documents&document=1706,http://alexkerney.com/stories/wp-admin/admin.php/wordpress.html
http://alexkerney.com/tag/waterfall,/categories/waterfall.html
http://alexkerney.com/tag/geology,/categories/geology.html
http://alexkerney.com/tag/goose-eye-brook,/categories/goose-eye-brook.html
http://alexkerney.com/tag/wachusett,/categories/wachusett.html
http://alexkerney.com/tag/frenchmans-hole,/categories/frenchmans-hole.html
http://alexkerney.com/about/,http://alexkerney.com/stories/about.html
http://alexkerney.com/2012/12/sugarloaf/,http://alexkerney.com/posts/2012/12/sugarloaf.html
http://alexkerney.com/tag/wild-river,/categories/wild-river.html
http://alexkerney.com/2012/11/vote-for-keeping-the-fuzzy-side-up/,http://alexkerney.com/posts/2012/11/vote-for-keeping-the-fuzzy-side-up.html
http://alexkerney.com/tag/penobscot-river,/categories/penobscot-river.html
http://alexkerney.com/2011/05/week-2/,http://alexkerney.com/posts/2011/05/week-2.html
http://alexkerney.com/2010/11/cathance/,http://alexkerney.com/posts/2010/11/cathance.html
http://alexkerney.com/2011/02/boat-stuff-done/,http://alexkerney.com/posts/2011/02/boat-stuff-done.html
http://alexkerney.com/2012/09/the-mahoosuc-trail/,http://alexkerney.com/posts/2012/09/the-mahoosuc-trail.html
http://alexkerney.com/tag/hancook-branch,/categories/hancook-branch.html
http://alexkerney.com/tag/rapid-river,/categories/rapid-river.html
http://alexkerney.com/tag/harold-parker,/categories/harold-parker.html
http://alexkerney.com/tag/panoramic,/categories/panoramic.html
http://alexkerney.com/2011/05/some-video-from-the-cathance/,http://alexkerney.com/posts/2011/05/some-video-from-the-cathance.html
http://alexkerney.com/2011/02/cleaning/,http://alexkerney.com/posts/2011/02/cleaning.html
http://alexkerney.com/tag/utah,/categories/utah.html
http://alexkerney.com/2010/12/too-quick/,http://alexkerney.com/posts/2010/12/too-quick.html
http://alexkerney.com/2011/10/i-do-still-exist/,http://alexkerney.com/posts/2011/10/i-do-still-exist.html
http://alexkerney.com/tag/sawyer,/categories/sawyer.html
http://alexkerney.com/2011/06/doing-some-tinkering/,http://alexkerney.com/posts/2011/06/doing-some-tinkering.html
http://alexkerney.com/2011/12/happy-new-years/,http://alexkerney.com/posts/2011/12/happy-new-years.html
http://alexkerney.com/2011/06/week-6/,http://alexkerney.com/posts/2011/06/week-6.html
http://alexkerney.com/tag/ma,/categories/ma.html
http://alexkerney.com/2011/03/speed-run/,http://alexkerney.com/posts/2011/03/speed-run.html
http://alexkerney.com/tag/bowdoin,/categories/bowdoin.html
http://alexkerney.com/tag/patagonia,/categories/patagonia.html
http://alexkerney.com/tag/ice-climbing,/categories/ice-climbing.html
http://alexkerney.com/chewonki/whitewater-resources/,http://alexkerney.com/stories/chewonki/whitewater-resources.html
http://alexkerney.com/tag/boothbay,/categories/boothbay.html
http://alexkerney.com/tag/shawnee-peak,/categories/shawnee-peak.html
http://alexkerney.com/chewonki/12-umb-1/,http://alexkerney.com/stories/chewonki/12-umb-1.html
http://alexkerney.com/2011/07/3-weeks-6-kids/,http://alexkerney.com/posts/2011/07/3-weeks-6-kids.html
http://alexkerney.com/tag/baxter-state-park,/categories/baxter-state-park.html
http://alexkerney.com/2015/07/wfrcane/,http://alexkerney.com/posts/2015/07/wfrcane.html
http://alexkerney.com/tag/boc,/categories/boc.html
http://alexkerney.com/tag/colorado-college,/categories/colorado-college.html
http://alexkerney.com/kayaking/,http://alexkerney.com/stories/kayaking.html
http://alexkerney.com/tag/contra-dancing,/categories/contra-dancing.html
http://alexkerney.com/?p=2159,http://alexkerney.com/posts/2159.html
http://alexkerney.com/2011/05/unpacking-and-cleaning/,http://alexkerney.com/posts/2011/05/unpacking-and-cleaning.html
http://alexkerney.com/2012/09/a-mahoosuc-loop/,http://alexkerney.com/posts/2012/09/a-mahoosuc-loop.html
http://alexkerney.com/2013/06/k-bomb-race/,http://alexkerney.com/posts/2013/06/k-bomb-race.html
http://alexkerney.com/photography/patagonia/,http://alexkerney.com/stories/photography/patagonia.html
http://alexkerney.com/tag/upper-ashulot,/categories/upper-ashulot.html
http://alexkerney.com/2010/12/heading-south-and-then-heading-back-north/,http://alexkerney.com/posts/2010/12/heading-south-and-then-heading-back-north.html
http://alexkerney.com/tag/whitewater,/categories/whitewater.html
http://alexkerney.com/tag/south-branch-baker,/categories/south-branch-baker.html
http://alexkerney.com/2012/04/ledyard-riverfest/,http://alexkerney.com/posts/2012/04/ledyard-riverfest.html
http://alexkerney.com/tag/blog,/categories/blog.html
http://alexkerney.com/tag/biking,/categories/biking.html
http://alexkerney.com/?p=2146,http://alexkerney.com/posts/2146.html
http://alexkerney.com/tag/chairlift,/categories/chairlift.html
http://alexkerney.com/tag/bull-branch,/categories/bull-branch.html
http://alexkerney.com/tag/hiking,/categories/hiking.html
http://alexkerney.com/tag/beaver-brook,/categories/beaver-brook.html
http://alexkerney.com/tag/gear,/categories/gear.html
http://alexkerney.com/2011/06/782/,http://alexkerney.com/stories/2011/06/782.html
http://alexkerney.com/2013/05/bull-branch/,http://alexkerney.com/posts/2013/05/bull-branch.html
http://alexkerney.com/photography/kayak/,http://alexkerney.com/stories/photography/kayak.html
http://alexkerney.com/2011/06/779/,http://alexkerney.com/stories/2011/06/779.html
http://alexkerney.com/2011/03/bahia-pia/,http://alexkerney.com/posts/2011/03/bahia-pia.html
http://alexkerney.com/2011/03/sailing/,http://alexkerney.com/posts/2011/03/sailing.html
http://alexkerney.com/2010/11/thanksgiving/,http://alexkerney.com/posts/2010/11/thanksgiving.html
http://alexkerney.com/tag/lighthouse,/categories/lighthouse.html
http://alexkerney.com/2011/03/escape-from-puerto-williams/,http://alexkerney.com/posts/2011/03/escape-from-puerto-williams.html
http://alexkerney.com/2011/01/sunset/,http://alexkerney.com/posts/2011/01/sunset.html
http://alexkerney.com/tag/pond-brook,/categories/pond-brook.html
http://alexkerney.com/tag/mahoosuc-mountains,/categories/mahoosuc-mountains.html
http://alexkerney.com/tag/seno-ventisqero,/categories/seno-ventisqero.html
http://alexkerney.com/tag/thanksgiving,/categories/thanksgiving.html
http://alexkerney.com/2011/01/geological-hijinks-in-argentina/,http://alexkerney.com/posts/2011/01/geological-hijinks-in-argentina.html
http://alexkerney.com/chewonki/13-juniper/,http://alexkerney.com/stories/chewonki/13-juniper.html
http://alexkerney.com/2015/02/avalanche-2/,http://alexkerney.com/posts/2015/02/avalanche-2.html
http://alexkerney.com/2011/05/week-4/,http://alexkerney.com/posts/2011/05/week-4.html
http://alexkerney.com/tag/website,/categories/website.html
http://alexkerney.com/2011/01/getting-stuff-done/,http://alexkerney.com/posts/2011/01/getting-stuff-done.html
http://alexkerney.com/tag/trailbuilding,/categories/trailbuilding.html
http://alexkerney.com/tag/beagle-channel,/categories/beagle-channel.html
http://alexkerney.com/tag/skiing,/categories/skiing.html
http://alexkerney.com/tag/october,/categories/october.html
http://alexkerney.com/tag/austin-kayak,/categories/austin-kayak.html
http://alexkerney.com/2011/05/im-alive/,http://alexkerney.com/posts/2011/05/im-alive.html
http://alexkerney.com/tag/cloudflare,/categories/cloudflare.html
http://alexkerney.com/tag/a-basin,/categories/a-basin.html
http://alexkerney.com/chewonki/planning/,http://alexkerney.com/stories/chewonki/planning.html
http://alexkerney.com/photography/ski/,http://alexkerney.com/stories/photography/ski.html
http://alexkerney.com/?p=1096,http://alexkerney.com/posts/1096.html
http://alexkerney.com/2011/05/heading-out-of-punta-arenas/,http://alexkerney.com/posts/2011/05/heading-out-of-punta-arenas.html
http://alexkerney.com/tag/saddleback,/categories/saddleback.html
http://alexkerney.com/2012/09/umbagog-i/,http://alexkerney.com/posts/2012/09/umbagog-i.html
http://alexkerney.com/2011/01/micalvi-bar/,http://alexkerney.com/posts/2011/01/micalvi-bar.html
http://alexkerney.com/tag/ski-patrol,/categories/ski-patrol.html
http://alexkerney.com/photography/maine/,http://alexkerney.com/stories/photography/maine.html
http://alexkerney.com/2011/06/798/,http://alexkerney.com/stories/2011/06/798.html
http://alexkerney.com/tag/umbagog,/categories/umbagog.html
http://alexkerney.com/tag/streaked-mountain,/categories/streaked-mountain.html
http://alexkerney.com/tag/torres-del-paine,/categories/torres-del-paine.html
http://alexkerney.com/tag/timelapse,/categories/timelapse.html
http://alexkerney.com/tag/chewonki,/categories/chewonki.html
http://alexkerney.com/tag/puerto-williams,/categories/puerto-williams.html
http://alexkerney.com/2010/12/cathance-in-december/,http://alexkerney.com/posts/2010/12/cathance-in-december.html
http://alexkerney.com/2012/04/drummer-hill/,http://alexkerney.com/posts/2012/04/drummer-hill.html
http://alexkerney.com/tag/vermont,/categories/vermont.html
http://alexkerney.com/tag/west-branch-of-the-penobscot,/categories/west-branch-of-the-penobscot.html
http://alexkerney.com/tag/argentia,/categories/argentia.html
http://alexkerney.com/tag/flickr,/categories/flickr.html
http://alexkerney.com/tag/bath,/categories/bath.html
http://alexkerney.com/tag/boothbay-region-art-foundation,/categories/boothbay-region-art-foundation.html
http://alexkerney.com/2011/05/week-3/,http://alexkerney.com/posts/2011/05/week-3.html
http://alexkerney.com/2012/04/beaver-brook/,http://alexkerney.com/posts/2012/04/beaver-brook.html
http://alexkerney.com/tag/scouting,/categories/scouting.html
http://alexkerney.com/tag/keene,/categories/keene.html
http://alexkerney.com/tag/hms-bounty,/categories/hms-bounty.html
http://alexkerney.com/tag/site-menu,/categories/site-menu.html
http://alexkerney.com/2014/10/swarming-sandy-stream/,http://alexkerney.com/posts/2014/10/swarming-sandy-stream.html
http://alexkerney.com/tag/magic-carpet-ride,/categories/magic-carpet-ride.html
http://alexkerney.com/2012/07/whitewater-training-trip/,http://alexkerney.com/posts/2012/07/whitewater-training-trip.html
http://alexkerney.com/tag/camden-snowbowl,/categories/camden-snowbowl.html
http://alexkerney.com/tag/qhesonki,/categories/qhesonki.html
http://alexkerney.com/2010/06/beginner-one-whitewater/,http://alexkerney.com/posts/2010/06/beginner-one-whitewater.html
http://alexkerney.com/tag/micalvi,/categories/micalvi.html
http://alexkerney.com/tag/cribworks,/categories/cribworks.html
http://alexkerney.com/tag/sandy-stream,/categories/sandy-stream.html
http://alexkerney.com/2012/02/1070/,http://alexkerney.com/posts/2012/02/1070.html
http://alexkerney.com/tag/triathalon,/categories/triathalon.html
http://alexkerney.com/tag/magalloway-river,/categories/magalloway-river.html
http://alexkerney.com/tag/image,/categories/image.html
http://alexkerney.com/tag/sunrise,/categories/sunrise.html
http://alexkerney.com/tag/mahoosuc-notch,/categories/mahoosuc-notch.html
http://alexkerney.com/tag/family,/categories/family.html
http://alexkerney.com/chewonki/13-shang-tu/,http://alexkerney.com/stories/chewonki/13-shang-tu.html
http://alexkerney.com/tag/cordillera-darwin,/categories/cordillera-darwin.html
http://alexkerney.com/tag/tour,/categories/tour.html
http://alexkerney.com/tag/ledyard,/categories/ledyard.html
http://alexkerney.com/tag/south-platte-river,/categories/south-platte-river.html
http://alexkerney.com/tag/kayaking,/categories/kayaking.html
http://alexkerney.com/2011/01/headed-to-55%c2%ba-south/,http://alexkerney.com/posts/2011/01/headed-to-55o-south.html
